ipeds_id,AllStudentTotal
100654,5343
100663,14445
100690,440
100706,8145
100724,4732
100751,36237
100760,2417
100812,3947
100830,5246
100858,25195
100937,1316
101028,2020
101116,561
101143,2461
101161,8415
101189,3250
101240,6790
101277,137
101286,6237
101295,7300
101301,2486
101365,1019
101435,1249
101453,66
101462,1088
101471,833
101480,8735
101505,13608
101514,15261
101541,397
101569,4736
101587,2516
101602,2392
101648,459
101675,2089
101693,1652
101709,2529
101736,4741
101879,7077
101897,3767
101912,1778
101994,565
102030,4748
102049,3511
102058,348
102067,7253
102076,3611
102094,12062
102234,1495
102270,854
102298,1018
102313,2572
102368,16868
102377,2834
102395,213
102429,5537
102553,22973
102580,44
102614,11417
102632,3622
102669,340
102711,1895
102845,4415
103501,586
103741,178
103811,1035
103893,963
103909,883
103927,497
103945,117
103954,97
103963,1192
104090,1325
104151,45657
104160,11492
104179,37278
104188,127
104346,8086
104391,75
104425,11087
104434,62
104443,114
104504,161
104568,515
104577,8682
104586,2770
104708,27350
104717,76300
105145,7660
105154,30010
105206,5809
105215,1427
105297,2034
105330,29918
105349,5970
105367,586
105428,17335
105482,137
105525,33740
105534,3535
105543,1309
105589,542
105659,1308
105668,42716
105677,47
105747,13652
105792,5909
105899,834
106041,2461
106102,673
106111,177
106148,10116
106245,10862
106263,700
106306,858
106315,220
106324,40
106342,694
106351,213
106360,60
106397,24897
106412,2730
106449,5423
106458,11038
106467,12058
106485,3841
106494,84
106546,928
106625,1802
106704,10616
106713,859
106795,1983
106810,224
106829,184
106883,1575
106892,413
106908,568
106980,3429
106999,1544
107044,4530
107071,3151
107080,1521
107099,47
107123,128
107141,2158
107220,295
107293,92
107318,2029
107327,2066
107442,69
107460,2311
107488,288
107512,1656
107521,1692
107549,1588
107558,800
107585,2513
107600,1049
107619,2144
107637,1792
107655,40
107664,8048
107725,2078
107743,1187
107789,156
107831,111
107840,1099
107877,539
107974,2070
107983,3866
107992,1976
108065,15
108092,7517
108232,9827
108348,36
108649,218
108667,10615
108807,17070
108852,310
108977,192
109040,2038
109086,84
109208,46394
109350,18532
109651,2716
109721,570
109730,253
109785,6239
109819,33600
109907,4588
109934,307
110060,334
110097,4203
110194,307
110219,2144
110246,14144
110316,106
110334,17467
110361,8518
110370,1694
110404,989
110413,3286
110422,22352
110468,2078
110486,10500
110495,10226
110510,19495
110529,25910
110538,18423
110547,14480
110556,23662
110565,40621
110574,15801
110583,34141
110592,25757
110608,38245
110617,31737
110635,32309
110644,32197
110653,30865
110662,33160
110671,21540
110680,30143
110705,23559
110714,18534
110778,11
110875,131
110918,20
111054,370
111081,1098
111188,1110
111434,10216
111461,32720
111513,255
111638,338
111708,344
111717,426
111726,396
111744,287
111762,138
111799,218
111887,28433
111896,9291
111920,19853
111939,29808
111948,7363
111966,187
112075,2046
112084,752
112172,18733
112181,150
112190,38862
112260,1343
112288,484
112367,819
112385,20123
112394,692
112455,115
112561,3605
112570,631
112686,12108
112826,10505
113096,20320
113111,8833
113193,15212
113218,13951
113236,21471
113333,30817
113449,253
113537,23
113573,14142
113582,159
113634,29855
113698,1415
113856,57381
113980,33616
114044,501
114123,476
114266,14665
114354,3029
114390,328
114415,95
114433,3765
114460,463
114637,115
114716,30736
114761,102
114789,36000
114813,3503
114859,33076
114938,8142
114947,390
115001,20242
115010,874
115083,666
115126,18070
115296,25781
115357,122
115393,18259
115409,867
115658,170
115728,641
115755,8497
115773,535
115861,9028
115931,954
116226,263
116350,336
116439,20065
116563,253
116712,173
116846,80
117052,16612
117104,579
117113,1147
117140,6291
117168,691
117195,6837
117238,200
117247,17817
117274,4552
117557,150
117575,72
117627,2196
117636,1628
117645,32876
117672,1900
117690,13373
117706,27659
117715,10118
117724,21393
117733,26155
117751,1587
117788,25533
117803,269
117867,15918
117894,13123
117928,674
117946,6689
117955,528
118134,137
118143,108
118161,212
118189,80
118198,1126
118259,547
118277,1365
118286,818
118347,8140
118541,1020
118684,6441
118693,800
118718,15129
118772,11674
118888,837
118912,20677
118930,12500
118958,76
118967,1009
118976,24387
118994,340
119058,11
119067,12329
119137,20160
119164,39512
119173,2786
119216,20992
119270,1443
119331,8379
119553,1611
119605,12995
119775,485
119845,205
119951,282
120069,388
120078,1042
120087,267
120184,1026
120254,2116
120290,15318
120342,29007
120403,1118
120421,11162
120537,1128
120661,1049
120698,159
120768,692
120838,8
120865,1410
120883,3778
120953,6809
120971,35282
121044,37252
121150,3759
121257,1099
121275,239
121309,3475
121345,1720
121363,5284
121433,135
121619,35606
121637,120
121691,3469
121707,6226
121859,290
121868,164
121886,30334
121901,30088
121983,127
121992,522
122117,15
122180,31936
122205,31229
122296,1536
122339,25489
122366,164
122375,36637
122384,27682
122409,32312
122436,6247
122454,395
122506,210
122597,29871
122612,7410
122658,24609
122685,9054
122728,1464
122746,14136
122755,29585
122791,14317
122834,604
122852,149
122889,23001
122931,5773
122977,41743
123013,30597
123165,1108
123217,15686
123280,46
123299,13667
123341,25329
123350,147
123457,955
123484,3610
123493,510
123509,14778
123527,19974
123554,3029
123563,13835
123572,9464
123633,54
123642,328
123651,2517
123679,901
123800,24867
123952,284
123961,20777
124113,12213
124292,376
124487,217
124681,1196
124706,1157
124937,1013
125028,19114
125091,16814
125170,11081
125231,13410
125310,49
125462,5439
125471,20945
125499,12112
125532,2136
125727,1370
125763,1732
125897,1247
126076,153
126119,10007
126164,94
126182,2454
126207,8436
126289,14803
126359,491
126562,20690
126580,14206
126605,449
126614,32113
126669,11476
126678,2319
126687,1351
126702,850
126711,8322
126748,1829
126775,4974
126784,236
126818,28854
126827,38556
126863,11777
126872,195
126915,422
126942,12230
126951,1486
127060,6118
127158,5140
127185,3688
127200,28106
127316,437
127389,1015
127556,10651
127565,24266
127617,1920
127653,525
127680,128
127714,1170
127732,2220
127741,11397
127778,1731
127787,142
127820,18604
127884,9901
127909,12010
127918,5022
127945,1194
127954,17
128106,5977
128151,1344
128179,992
128188,1532
128258,2326
128328,4276
128337,151
128391,3271
128498,1519
128540,155
128577,2730
128586,42
128674,267
128683,593
128744,3688
128771,10925
128780,2169
128896,402
128902,1891
129002,441
129020,20385
129154,4773
129181,1176
129215,5549
129242,4500
129349,259
129367,5027
129482,633
129525,6138
129534,264
129543,6956
129695,9240
129729,8851
129756,3948
129774,749
129808,5520
129923,775
129932,931
129941,5512
130004,8070
130040,1716
130110,85
130174,3853
130183,15609
130217,1906
130226,7835
130253,6060
130314,935
130396,9696
130493,8994
130509,939
130590,2369
130606,5643
130624,1065
130697,3211
130776,5994
130794,6585
130837,59
130873,592
130907,18681
130934,4282
130943,21031
130989,839
131061,191
131098,1649
131113,11496
131159,8721
131283,3431
131399,5038
131450,1215
131469,12801
131496,8269
131520,6631
131803,1154
131830,50
131876,1680
132338,865
132374,4495
132408,443
132471,3935
132602,4323
132657,2411
132675,182
132693,20522
132709,60896
132842,228
132851,9505
132879,228
132903,66659
132976,524
133021,2616
133155,944
133386,19934
133465,1089
133492,2138
133508,22279
133526,4783
133553,6100
133650,8898
133669,31186
133702,36771
133711,2860
133809,526
133845,1042
133854,951
133863,898
133872,2038
133881,3944
133942,80
133951,58244
133960,1440
133979,1328
133997,824
134024,191
134079,2986
134097,37025
134112,5954
134130,38727
134228,48
134237,25053
134291,876
134307,1411
134343,7522
134495,40019
134510,304
134529,458
134574,294
134608,24349
134714,249
134811,1818
134945,3526
135081,31911
135142,447
135160,4743
135179,1086
135188,6396
135267,1597
135276,944
135294,1337
135337,176
135364,385
135391,14618
135407,1456
135522,594
135559,108
135610,183
135647,1708
135717,88475
135726,11984
135735,3066
135771,571
136109,328
136145,1768
136172,16929
136215,5026
136233,7962
136303,1588
136330,3323
136358,44024
136400,15416
136473,13734
136491,1607
136516,15190
136659,657
136765,534
136774,1472
136826,1240
136950,2805
137023,758
137032,16699
137078,38969
137087,1912
137096,19571
137120,2069
137148,135
137209,24508
137245,2760
137272,59
137281,9616
137315,3772
137351,37246
137476,3701
137546,3232
137564,7469
137591,586
137713,247
137759,16944
137777,33
137801,1437
137847,8745
137856,221
137865,644
137953,437
137962,232
138132,87
138187,61524
138275,1123
138284,575
138293,668
138309,14010
138354,12156
138372,1938
138479,1551
138488,1883
138497,499
138558,6347
138600,970
138655,841
138664,114
138682,4587
138716,9549
138761,327
138813,2151
138822,750
138840,6011
138868,2232
138901,3709
138938,532
138947,3576
138956,6445
139144,2047
139153,374
139199,2189
139205,985
139214,324
139250,4498
139278,9627
139287,72
139311,7975
139357,4566
139366,8072
139384,7603
139393,1062
139463,6009
139506,266
139579,784
139621,3788
139630,1042
139658,7869
139700,7836
139719,2556
139746,74
139755,17068
139764,3111
139861,6674
139931,27294
139940,30307
139959,31645
139968,4696
139986,6610
139995,259
140003,485
140012,12129
140234,1000
140243,5244
140252,897
140331,14886
140340,1125
140447,5112
140553,2326
140678,3804
140696,1662
140720,478
140818,1473
140827,96
140872,1674
140942,5819
140951,12050
140960,4802
140988,1700
141006,2870
141015,393
141060,2171
141167,1502
141185,1865
141237,2865
141255,5949
141264,10099
141325,738
141334,12739
141361,1366
141486,2165
141565,3516
141574,15196
141608,151
141644,4225
141680,5157
141796,10315
141802,1781
141811,9977
141839,4293
141945,100
141981,4149
141990,3823
142054,658
142090,145
142115,24224
142179,1301
142276,13130
142285,11608
142294,961
142328,4919
142407,74
142416,17
142443,7552
142461,5401
142489,52
142522,78838
142559,12679
142887,266
142957,16
143048,3165
143084,2696
143118,4339
143181,138
143215,16187
143279,8110
143288,584
143297,333
143303,18
143358,4749
143376,419
143464,126
143473,65
143482,57
143491,84
143516,23
143543,89
143552,87
143613,3018
143695,14
144005,2438
144050,7091
144157,5381
144166,10347
144175,4892
144184,13172
144193,11498
144209,12593
144218,16169
144281,7686
144351,1512
144485,820
144564,6124
144573,93
144740,17082
144795,362
144865,43669
144883,602
144892,6972
144944,15074
144962,3130
144971,655
145099,417
145239,666
145309,41
145336,4122
145354,37
145372,1341
145406,464
145424,75
145433,117
145497,240
145521,3500
145600,21205
145619,3424
145637,35755
145646,1674
145682,12989
145691,978
145707,2016
145725,3129
145770,235
145813,19739
145831,4898
146205,13682
146278,2838
146296,23177
146339,1277
146348,6689
146366,5647
146418,5116
146427,1396
146454,67
146472,23794
146481,1648
146506,14957
146533,250
146603,9602
146612,5206
146667,492
146676,1403
146685,11135
146700,1132
146719,13247
146755,288
146807,60
146816,433
146825,549
147004,10668
147013,2384
147129,770
147165,420
147244,2103
147341,1047
147369,3007
147378,23362
147396,113
147411,6254
147439,83
147536,3717
147590,107
147642,63
147660,2932
147679,2195
147703,14730
147767,10066
147776,8562
147800,18251
147819,73
147828,3796
147916,12238
148007,8719
148016,481
148098,61
148131,1216
148140,95
148177,1048
148256,4908
148292,4159
148335,2200
148380,10387
148399,1015
148405,1163
148487,2880
148496,2301
148511,123
148575,495
148584,1834
148593,121
148627,3237
148654,3322
148672,2830
148821,4209
148876,1800
148937,3912
148955,41
148991,2315
149028,248
149204,64
149222,12170
149231,12972
149310,177
149329,67
149365,9136
149499,22
149505,1448
149514,1077
149532,17777
149550,219
149639,136
149727,17229
149763,961
149772,8599
149781,2473
149842,23618
150048,627
150066,1648
150136,19236
150145,1449
150163,4334
150172,730
150251,183
150303,386
150400,2185
150428,78
150437,54
150455,1092
150534,2746
150604,1042
150668,973
150677,1863
150756,1113
150765,82
150774,591
150853,172
150941,1245
150987,162762
151102,12228
151111,24944
151263,5017
151290,1592
151306,10873
151324,13390
151333,3453
151342,5747
151351,35008
151360,4613
151379,5782
151388,5148
151458,291
151467,397
151564,47
151607,179
151652,390
151661,1201
151777,1305
151786,3125
151801,2886
151810,365
151962,210
152044,84
152080,8744
152099,1414
152150,70
152275,288
152309,143
152318,2223
152327,16
152336,2121
152381,774
152390,1608
152415,581
152497,168
152530,2554
152567,4470
152600,3455
152628,46
152637,21692
152673,871
152798,473
152992,1061
153001,2402
153074,263
153083,234
153108,1435
153126,817
153144,1440
153162,1058
153171,27
153214,36499
153241,61
153250,1599
153269,3389
153278,2148
153296,956
153302,276
153311,12855
153320,329
153339,37
153366,1624
153375,2037
153384,1774
153409,173
153418,633
153427,350
153445,7455
153463,37
153472,5154
153524,8114
153533,2948
153542,19
153588,41
153597,152
153603,32440
153621,695
153630,9601
153658,27133
153737,19823
153746,43
153764,108
153773,97
153782,52
153825,1480
153834,2097
153861,452
153922,2437
153977,924
154004,1386
154013,1787
154022,73454
154059,3871
154095,11079
154101,1127
154110,6046
154129,2646
154165,55
154174,66
154208,203
154235,2518
154262,317
154332,122
154341,65
154350,1566
154378,3822
154396,2276
154448,207
154457,47
154466,67
154493,7212
154518,3563
154527,1572
154545,66
154572,7540
154590,1460
154642,4095
154688,2264
154697,14434
154712,2193
154721,816
154749,546
154800,12832
154855,999
154907,2845
154925,2463
154934,2385
154952,4221
154998,2476
155007,712
155025,3964
155052,1638
155061,14422
155070,252
155089,1511
155098,2565
155104,3227
155140,893
155159,93
155177,468
155186,4921
155195,8771
155201,1234
155210,29145
155283,966
155292,8366
155308,194
155317,20934
155335,3762
155353,84
155399,20096
155414,787
155423,2075
155450,3357
155487,1336
155496,311
155511,750
155520,1657
155566,2858
155593,1241
155618,1046
155627,728
155636,527
155681,6410
155715,1640
155812,834
155830,1115
155858,2506
155900,2003
155937,737
155973,774
156082,6759
156107,7522
156125,13178
156134,1478
156189,626
156213,1834
156231,3529
156277,105
156286,2700
156295,1724
156310,471
156338,5704
156356,1400
156365,5331
156392,13130
156408,1466
156417,162
156426,323
156471,2866
156541,3874
156620,16155
156648,9902
156745,1100
156754,71
156790,4613
156842,238
156851,2039
156860,3683
156921,16497
156967,149
157021,529
157030,89
157058,2718
157076,836
157085,23361
157100,626
157216,2206
157289,17663
157304,5138
157331,4802
157377,1174
157386,10903
157401,9087
157438,5775
157447,13821
157483,8587
157535,1838
157553,6095
157614,162
157650,187
157669,204
157678,171
157711,7519
157739,4529
157748,1183
157757,1380
157793,4484
157809,2539
157818,988
157827,77
157863,1233
157951,21084
158088,3613
158246,271
158325,334
158343,63
158431,9124
158477,549
158538,51
158617,1137
158644,90
158662,20393
158778,118
158787,112
158802,1378
158884,3587
159009,5049
159027,113
159197,1005
159319,19
159328,141
159373,1083
159382,4074
159391,26857
159407,3630
159416,3351
159513,221
159522,256
159531,63
159568,1132
159601,22
159647,12053
159656,2949
159717,7736
159939,8055
159948,1662
159966,6615
159993,8828
160010,1661
160038,11658
160065,1155
160074,1428
160117,168
160126,42
160135,53
160199,81
160320,3837
160409,149
160445,157
160472,48
160481,3027
160524,621
160579,4169
160597,143
160612,16467
160621,5932
160630,2590
160649,4380
160658,17250
160667,5995
160755,8923
160904,2818
160913,2618
160940,748
160959,389
160977,1927
160995,387
161004,1967
161022,216
161077,3498
161086,2081
161138,3302
161192,3369
161208,54
161217,5470
161226,1990
161235,2196
161244,980
161253,10265
161299,1030
161341,1846
161457,9449
161484,1092
161493,262
161509,470
161518,2086
161527,307
161545,8847
161554,7874
161563,1789
161572,744
161581,476
161688,3236
161767,18734
161776,515
161800,258
161855,51
161864,5813
161873,3580
162007,5839
162061,493
162104,3067
162122,10265
162168,2839
162210,1537
162283,2879
162335,81
162371,574
162557,8896
162584,5262
162609,835
162654,1592
162681,678
162690,5761
162706,8199
162760,1178
162779,13281
162830,97
162928,7934
163028,917
163046,4012
163204,69373
163259,1147
163268,12722
163286,32369
163295,2025
163338,3138
163347,689
163408,174
163426,31340
163453,6928
163462,1961
163532,321
163541,729
163578,937
163657,16868
163736,913
163754,165
163815,135
163851,8417
163912,1661
163976,464
164058,1008
164076,22004
164155,4519
164173,3720
164216,1513
164270,1755
164313,4135
164368,705
164438,1562
164447,1425
164465,1946
164492,1213
164535,49
164562,2167
164580,2669
164599,66
164614,93
164632,2314
164641,1009
164678,153
164720,2274
164739,4400
164748,7407
164775,2262
164845,243
164872,452
164924,10316
164988,22745
165015,3869
165024,10986
165033,10513
165060,265
165112,17830
165167,990
165194,4756
165255,267
165264,1058
165334,2411
165529,3013
165556,486
165574,1595
165608,61
165635,343
165644,730
165662,4121
165671,2203
165699,3675
165750,75
165802,3472
165820,4804
165866,4871
165884,910
165936,1748
165981,2575
166018,1304
166027,14340
166045,109
166054,81
166124,2922
166133,7113
166391,1812
166407,460
166452,2453
166489,57
166498,123
166513,16797
166586,42
166595,53
166629,26840
166638,15286
166647,7227
166656,4050
166674,2224
166683,4616
166692,1873
166717,9
166805,99
166823,10323
166850,3856
166869,1203
166887,11217
166911,400
166939,2359
166957,5194
167039,37
167057,436
167224,78
167251,703
167260,1450
167288,1749
167297,169
167312,8491
167358,18587
167376,7291
167394,1321
167455,459
167525,7651
167534,10234
167598,2011
167631,2860
167677,27
167729,8501
167738,152
167783,1824
167792,432
167835,2627
167871,164
167899,2285
167905,7431
167987,7795
167996,2568
168005,5668
168032,47
168148,5927
168218,2674
168227,4544
168254,2870
168263,6407
168281,1715
168290,714
168342,2230
168421,4715
168430,6585
168528,1733
168546,1634
168555,29
168573,1085
168591,1465
168607,2389
168740,2348
168786,1718
168847,16263
168883,2288
168892,161
169080,3890
169187,225
169248,19552
169275,10504
169284,391
169327,604
169363,977
169442,1480
169479,7016
169503,363
169521,11644
169576,99
169655,1269
169716,3204
169734,1332
169761,374
169798,19454
169813,60
169910,15001
169947,61
169974,1549
169983,2139
169992,1302
170000,1258
170037,2076
170055,19969
170082,23892
170091,176
170240,18459
170286,1530
170301,3303
170444,7177
170532,1454
170541,12039
170550,7236
170587,1929
170611,148
170620,4034
170639,2620
170657,17503
170675,2278
170736,48
170790,29245
170806,3059
170842,295
170967,1322
170976,30715
171012,269
171100,42342
171128,6139
171137,8116
171146,7367
171155,5360
171225,4156
171234,2104
171304,6271
171395,3657
171456,8170
171483,4271
171492,3542
171535,27113
171571,18524
171599,1241
171775,78
171881,191
171988,202
171997,295
172015,271
172033,335
172051,8652
172200,17002
172264,2868
172291,4672
172307,2883
172325,825
172334,2245
172422,534
172440,450
172495,358
172608,1220
172617,21041
172635,20330
172644,20364
172671,1492
172680,144
172699,19611
172802,82
172866,118
172918,4051
172927,58
172954,2605
172963,11898
173045,2711
173063,4416
173115,1739
173124,5846
173142,753
173160,2986
173203,5334
173258,2126
173300,2083
173328,3619
173416,3566
173452,1305
173461,7873
173470,37
173559,8125
173638,4724
173647,2198
173665,2336
173708,7151
173735,1572
173744,675
173799,6767
173805,1718
173902,2174
173911,4647
173920,14969
173957,213
173984,1408
173993,1844
174020,9900
174066,45465
174075,3343
174118,195
174127,739
174136,10724
174154,570
174190,192
174233,10633
174251,1778
174321,135
174358,6002
174376,9742
174385,45
174428,14942
174437,1166
174473,4583
174491,3724
174507,322
174525,129
174570,2687
174604,482
174738,7057
174747,1975
174756,5624
174783,14944
174792,1769
174817,1749
174844,3120
174862,1178
174899,3193
174914,6558
174978,211
175005,3827
175014,9108
175041,10004
175078,8093
175120,876
175157,948
175227,1500
175236,4758
175263,2762
175272,8249
175315,12440
175342,3297
175421,2877
175430,666
175494,143
175519,2596
175528,533
175573,3910
175607,27
175616,3755
175643,3152
175652,6375
175698,54
175722,45
175786,16162
175810,8544
175829,6821
175856,7550
175883,6300
175935,4727
175980,923
176008,3460
176017,20448
176035,3020
176044,2344
176053,3676
176062,77
176071,12264
176080,19773
176169,4379
176178,10714
176239,6217
176318,974
176336,44
176354,2496
176372,13581
176390,225
176406,863
176479,4428
176628,1509
176664,286
176716,203
176770,977
176789,305
176798,306
176910,268
176947,1116
176965,12748
176983,74
177038,117
177056,135
177065,18165
177083,78
177117,284
177135,6565
177144,1201
177214,1511
177250,3722
177287,213
177302,432
177339,1713
177418,1059
177436,59
177472,17567
177542,1068
177551,1750
177588,48
177603,85
177676,5663
177685,144
177719,944
177746,677
177816,54
177870,16
177931,57
177940,2950
177968,7892
177977,1457
177986,235
177995,24011
178004,263
178059,3598
178077,98
178110,123
178183,430
178208,775
178217,4401
178244,4874
178341,6748
178369,1971
178387,5996
178396,25719
178402,13657
178411,7189
178420,17073
178448,7398
178466,107
178527,57
178615,6264
178624,6032
178679,653
178697,1775
178721,13931
178767,165
178828,26
178891,1939
178989,370
179043,2330
179052,118
179159,12116
179195,57
179229,33
179238,45
179256,139
179265,467
179308,28937
179326,3052
179344,2371
179450,647
179511,430
179539,6094
179548,698
179557,11693
179566,22849
179645,4243
179715,2609
179867,8642
179894,3624
179946,843
179955,1027
179964,1087
179991,44
180054,619
180063,52
180081,1010
180090,134
180106,1402
180151,651
180160,429
180179,5220
180197,3537
180203,351
180212,573
180249,2472
180258,1148
180276,1783
180328,484
180373,860
180416,1882
180461,16187
180489,10590
180522,1451
180595,942
180647,1112
180692,1771
180771,25
180814,7570
180832,910
180878,633
180902,9156
180948,2643
180957,174
180984,2064
181002,4738
181020,1089
181127,1201
181145,26
181190,233
181215,5350
181242,428
181297,1054
181303,24779
181312,3185
181330,1764
181376,157
181394,14566
181400,548
181419,302
181428,1031
181446,3792
181464,22136
181491,6541
181534,2703
181543,30
181604,920
181640,14658
181738,836
181765,412
181783,3218
181817,2463
181853,464
181880,383
181941,627
182005,49495
182111,978
182148,301
182281,28269
182290,20465
182306,4609
182458,503
182500,15830
182564,4637
182634,1001
182652,55
182670,4798
182704,116
182722,157
182795,1889
182892,52
182917,71
182953,193
182980,2407
182999,31
183026,106439
183035,37
183044,13824
183062,4081
183071,1019
183080,4434
183099,5716
183105,1527
183114,1659
183123,1963
183132,5002
183141,3143
183150,3313
183202,49
183211,1767
183239,2001
183248,211
183257,2688
183275,91
183488,598
183600,47
183655,7927
183725,832
183743,19671
183789,5123
183804,3116
183822,1935
183859,18316
183877,15412
183910,1666
183938,17037
183974,1572
183983,114
184047,52
184056,645
184092,1032
184180,11319
184205,4361
184278,66
184348,1698
184427,439
184481,11840
184506,190
184603,6253
184612,1933
184694,2886
184746,218
184773,1886
184782,17470
184791,10101
184816,139
184870,445
184959,1047
184968,203
184995,12008
185129,7528
185174,102
185262,13725
185332,537
185396,1817
185466,444
185509,10712
185536,16876
185572,4965
185590,18798
185651,70
185679,542
185721,729
185767,616
185828,9620
185873,14075
185970,283
186016,690
186034,10660
186052,988
186131,5674
186186,338
186201,6302
186274,226
186283,4431
186335,175
186371,6354
186380,40054
186399,10329
186405,16
186423,69
186432,2900
186469,1473
186584,6328
186593,210
186618,855
186645,11281
186867,3194
186876,9772
186900,101
187000,268
187046,15170
187134,7289
187198,13323
187444,10459
187505,1347
187532,35976
187596,2379
187620,10490
187639,5278
187648,5608
187666,3643
187745,891
187897,2310
187903,3469
187912,450
187958,2867
187967,1568
187976,1934
187985,22328
187994,2984
188003,3185
188021,1714
188030,13024
188049,3555
188058,1117
188100,10179
188137,8448
188182,575
188216,507
188225,1987
188261,1857
188289,119
188304,2982
188340,1802
188429,5819
188438,4861
188517,565
188526,916
188641,1993
188650,667
188669,114
188678,346
188687,645
188696,169
188854,1722
188890,2029
188915,66
188942,145
189088,2051
189097,2705
189219,452
189228,5727
189255,108
189264,12
189273,56
189282,217
189404,173
189413,904
189459,168
189468,346
189477,263
189547,9473
189556,509
189565,384
189574,717
189583,873
189592,483
189705,2515
189714,463
189811,813
189839,7220
189848,1018
189857,458
189954,43
189990,822
190008,64
190044,3154
190053,1790
190071,153
190099,3034
190114,1127
190150,8335
190169,2151
190239,288
190248,1237
190318,588
190372,896
190415,15222
190442,5147
190451,323
190503,4035
190512,18674
190521,35812
190530,14954
190549,17859
190558,15102
190567,15644
190576,2988
190585,9755
190594,20471
190600,16119
190619,20637
190628,25259
190637,16060
190646,9167
190655,20973
190664,20564
190673,20604
190691,10586
190707,20
190716,1911
190725,2026
190752,37
190761,1607
190840,11358
190956,144
190974,453
190983,1004
191083,19637
191126,10101
191199,9497
191205,677
191241,10344
191287,863
191302,2807
191311,345
191339,7529
191515,2039
191533,1277
191597,609
191612,3851
191621,1327
191630,2291
191649,7343
191676,1111
191719,15742
191728,1848
191931,3490
191940,112
191959,103
191968,6335
191986,5472
192004,421
192022,4839
192040,161
192110,592
192165,160
192192,1789
192271,1992
192323,3005
192448,11661
192484,145
192509,2333
192624,199
192688,1040
192703,3757
192712,491
192749,1855
192785,1008
192800,52
192819,6173
192864,2283
192925,2028
192961,150
192970,20
193016,7997
193052,254
193061,35
193070,50
193122,121
193186,128
193201,853
193247,143
193265,104
193283,8852
193292,6115
193308,8399
193326,25793
193353,2238
193380,173
193399,1773
193478,26621
193584,2314
193609,98
193645,2996
193654,8788
193672,61
193858,583
193900,29431
193946,6470
193973,3148
193991,60
194028,2368
194091,4029
194116,587
194161,1645
194189,134
194222,14800
194240,8235
194259,37
194310,9652
194392,798
194435,208
194499,1504
194569,321
194578,4220
194657,153
194666,305
194693,52
194736,147
194763,265
194824,6493
194958,1571
195003,15115
195030,7324
195058,9481
195067,835
195128,1423
195164,1664
195173,2433
195191,318
195216,2509
195234,2587
195243,2025
195289,166
195304,1493
195322,8342
195438,131
195474,3316
195526,2856
195544,1042
195562,3432
195702,209
195720,2948
195784,761
195809,18051
195933,373
195988,1986
196006,4060
196015,4981
196024,4138
196033,3277
196042,19869
196051,3741
196060,15178
196079,14866
196088,23672
196097,20208
196103,1915
196112,2411
196121,8026
196130,9749
196149,7124
196158,4681
196167,5863
196176,8514
196185,6594
196194,9847
196200,3996
196219,4683
196237,6119
196246,6069
196255,370
196264,15814
196291,1790
196307,293
196389,1189
196413,28487
196431,301
196440,10
196565,9075
196583,73
196592,7871
196653,1772
196680,36802
196699,4560
196866,2223
197018,1945
197027,970
197036,4646
197045,4362
197133,2562
197142,642
197151,3778
197197,1944
197221,98
197230,494
197285,1331
197294,20279
197337,109
197531,729
197601,152
197647,85
197674,190
197692,83
197708,2925
197735,658
197744,200
197814,3263
197832,639
197850,3935
197869,18135
197887,10492
197911,970
197966,1994
197984,1721
197993,541
198011,1643
198039,2812
198066,698
198084,1860
198109,481
198118,4636
198136,5183
198154,12293
198190,78
198206,2077
198215,1492
198233,6125
198251,6811
198260,29552
198303,1582
198321,3883
198330,6255
198367,4599
198376,5013
198385,1985
198419,7504
198455,8049
198464,25427
198491,2967
198507,1538
198516,6187
198534,18684
198543,6522
198552,11306
198561,2454
198570,7333
198598,1018
198613,1824
198622,14735
198640,1626
198668,2223
198677,45
198695,4631
198710,2662
198729,1596
198756,1578
198774,5343
198808,1019
198817,3843
198835,1830
198844,314
198862,1353
198871,715
198899,1343
198905,1001
198914,1455
198923,1418
198950,1900
198969,2149
198978,4672
198987,4188
199005,13
199023,1142
199032,845
199069,4197
199078,303
199087,4549
199102,11370
199111,4366
199120,19773
199139,27078
199148,18374
199157,7165
199184,889
199193,27424
199209,2459
199218,16604
199263,693
199272,1133
199281,6252
199306,881
199324,1692
199333,12206
199412,2010
199421,3475
199449,3107
199458,214
199467,1067
199476,2631
199485,2379
199494,7939
199582,1040
199607,869
199625,2049
199634,5329
199643,1635
199670,150
199689,224
199698,756
199722,1887
199731,3262
199740,3837
199759,847
199768,4040
199786,5651
199795,1411
199838,4014
199847,5244
199856,29480
199865,644
199883,181
199892,4392
199908,2306
199926,3416
199953,2687
199962,2729
199971,48
199980,192
199999,5408
200004,10449
200013,894
200022,4948
200059,1742
200086,331
200110,64
200156,1035
200165,46
200192,2964
200208,362
200217,2862
200226,1549
200253,3574
200262,15
200280,13536
200305,3657
200314,1225
200332,12459
200341,1559
200387,39
200466,427
200484,202
200527,744
200554,551
200572,1669
200590,268
200624,26
200785,839
200800,18944
200846,2523
200873,89
201016,220
201034,1390
201061,188
201098,71
201104,6910
201131,161
201159,235
201177,468
201195,3503
201283,1496
201371,812
201399,193
201432,2457
201441,16652
201469,544
201478,217
201496,399
201539,160
201548,3029
201645,5275
201654,3838
201672,5380
201681,156
201690,2004
201751,417
201803,126
201821,1006
201858,687
201867,131
201885,29991
201928,13527
201946,4011
201955,6073
201964,4877
201973,8394
201982,66
202046,642
202073,220
202134,14283
202152,230
202161,554
202170,1061
202222,46553
202356,35558
202435,130
202453,65
202480,8857
202514,605
202523,2376
202648,4088
202657,536
202684,438
202763,3736
202806,5273
202888,96
202903,346
202912,525
202949,290
202985,105
203030,210
203085,1196
203128,1404
203146,666
203155,4377
203234,216
203289,82
203331,15938
203368,3267
203386,3363
203438,222
203447,3320
203456,2316
203465,7411
203474,4029
203483,2964
203492,2604
203517,26517
203526,3772
203535,1768
203544,897
203580,1021
203599,10085
203614,549
203678,5315
203720,409
203739,386
203748,15589
203757,1156
203775,1491
203845,1203
203881,3490
203942,133
203960,1648
204006,3423
204015,2473
204024,18422
204121,95
204158,458
204176,1100
204185,2156
204194,2167
204200,1463
204255,2991
204264,1688
204334,178
204422,3814
204431,29
204440,5591
204459,149
204468,1997
204486,4639
204501,2947
204608,1144
204617,1329
204626,419
204635,2364
204662,764
204671,1182
204680,1322
204699,1452
204705,3004
204714,154
204723,249
204769,259
204778,137
204796,49274
204802,721
204820,2137
204839,1674
204848,2070
204857,25968
204866,1439
204884,300
204893,95
204909,1603
204936,2644
204945,17116
204963,58
204981,130
205027,91
205054,726
205090,52
205124,38
205142,211
205179,971
205203,2197
205391,216
205443,3864
205470,31708
205559,290
205841,14472
205887,1152
205957,2497
205966,3790
206011,2972
206039,53
206048,2605
206084,17937
206154,45
206172,176
206181,210
206279,1260
206321,296
206330,2921
206349,806
206394,180
206437,2162
206446,2280
206491,673
206507,1282
206525,1987
206589,2154
206604,13002
206613,1641
206622,4993
206695,12839
206817,1048
206835,1276
206862,1805
206880,92
206905,101
206914,5228
206923,2613
206932,453
206941,16678
206969,26
206996,2981
207041,3567
207050,1977
207069,2784
207087,58
207102,145
207157,312
207209,2337
207236,2898
207254,1637
207263,7933
207272,53
207281,6109
207290,2663
207306,2148
207324,2119
207342,945
207351,1357
207388,22753
207397,8546
207403,2088
207449,17875
207458,1882
207500,24339
207564,3290
207582,3693
207661,4564
207670,10242
207704,26
207722,987
207740,2155
207786,25
207847,3733
207856,712
207865,5297
207935,23778
207962,1390
207971,3601
208017,26
208035,1832
208044,43
208053,310
208123,78
208187,227
208239,661
208275,3692
208318,8732
208390,17590
208406,13712
208415,2054
208433,98
208479,932
208488,1711
208512,424
208637,359
208646,4318
208725,89
208822,2838
208859,51
209038,15685
209056,2240
209065,1585
209074,11238
209083,113
209153,65
209205,95
209241,53
209250,15579
209287,448
209296,40
209409,933
209490,876
209506,8042
209533,116
209542,31121
209551,21184
209603,450
209612,1965
209667,87
209676,169
209694,60
209700,210
209719,68
209746,48270
209807,26501
209825,4241
209922,1506
209940,8762
210076,1509
210146,6594
210155,2603
210234,3443
210270,3232
210304,678
210331,1097
210340,72
210401,2002
210429,5370
210438,200
210474,103
210492,365
210571,2111
210599,626
210605,26337
210669,1859
210711,107
210739,2849
210748,90
210775,2730
210784,299
210809,13805
210942,1146
210951,217
210960,536
211006,468
211024,671
211079,3248
211088,2543
211149,247
211158,9353
211200,376
211273,1419
211291,3742
211307,13401
211316,100
211334,52
211343,4592
211352,1587
211361,6650
211431,1626
211440,7288
211468,1665
211477,1674
211556,1470
211583,1551
211608,765
211617,990
211635,183
211644,4910
211802,259
211893,131
211909,152
211927,16794
211981,2237
212009,2435
212045,390
212054,17010
212106,6451
212115,6776
212133,2225
212160,4674
212197,1682
212230,63
212267,163
212276,134
212294,80
212300,81
212328,165
212337,216
212355,217
212373,47
212382,224
212391,182
212434,462
212452,81
212568,265
212577,2486
212601,3304
212656,1547
212674,2643
212753,220
212771,162
212805,2404
212832,2672
212869,1693
212878,26634
212911,1367
212975,373
212984,2348
212993,83
213002,409
213011,1821
213020,11408
213163,46
213181,537
213215,184
213233,505
213251,1552
213303,1648
213321,2329
213330,28
213349,7861
213358,1585
213367,4328
213376,3454
213385,2647
213400,1886
213455,269
213473,275
213491,66
213507,1845
213525,9970
213534,1666
213543,5356
213552,100
213570,764
213589,406
213598,2190
213613,3722
213622,94
213659,7656
213668,1341
213774,766
213783,1981
213826,2036
213914,453
213932,143
213987,2623
213996,2836
214023,32
214041,7659
214069,2333
214111,16842
214148,385
214157,2223
214166,2856
214175,2481
214254,795
214272,2311
214290,1069
214379,13833
214476,83
214528,529
214582,780
214591,4659
214625,747
214634,595
214643,529
214652,1131
214670,1060
214689,3690
214698,735
214704,3012
214713,4710
214731,1587
214740,672
214759,719
214768,868
214777,43389
214786,553
214795,1038
214801,4570
214810,830
214829,1114
214883,2065
214892,315
214944,527
214971,190
215008,109
215044,296
215053,274
215062,13644
215105,1741
215114,1072
215132,1191
215239,24443
215266,1478
215275,1639
215284,2912
215293,20887
215309,326
215336,74
215381,1053
215390,327
215415,2546
215442,3846
215479,64
215530,118
215585,5925
215594,526
215637,336
215646,613
215655,4640
215682,636
215691,721
215743,2799
215770,5372
215798,1736
215886,73
215929,3861
215947,3273
215974,355
215983,65
215992,277
216010,5999
216038,8573
216047,113
216074,170
216083,554
216162,284
216223,80
216278,2449
216287,1653
216296,1246
216311,116
216339,31942
216357,825
216366,4000
216418,557
216427,107
216436,251
216445,230
216454,215
216524,1532
216542,816
216551,315
216579,159
216597,7826
216630,74
216649,30
216667,1444
216694,1433
216746,122
216764,15898
216773,114
216782,354
216807,1230
216825,7708
216852,3773
216931,2748
216940,263
217013,968
217040,38
217059,4504
217077,1467
217156,7490
217165,3562
217235,8440
217305,3606
217323,699
217402,4533
217420,7990
217475,19389
217484,16983
217493,2018
217518,5313
217536,2019
217572,135
217581,139
217606,351
217615,3297
217624,612
217633,3361
217688,3870
217712,3341
217721,2291
217749,2913
217776,1499
217794,190
217819,11003
217828,73
217837,1564
217864,3132
217873,2230
217882,21256
217891,216
217907,1180
217925,597
217934,1680
217961,979
217989,863
217998,662
218025,7283
218043,193
218061,3774
218070,2821
218113,15700
218140,9056
218159,163
218195,168
218229,2947
218238,2861
218335,394
218353,14571
218399,830
218414,1294
218441,2528
218487,3324
218520,6206
218539,1043
218645,3714
218654,2368
218663,27615
218672,2668
218681,1181
218690,1241
218706,1167
218724,10708
218733,2728
218742,6704
218821,826
218830,6452
218858,4943
218867,35
218885,7784
218894,18207
218919,510
218955,1005
218964,5572
218973,1717
218991,6117
219000,1825
219037,107
219046,5402
219082,4297
219091,1004
219125,150
219143,2462
219170,31
219189,1441
219198,1362
219204,9076
219213,92
219259,4414
219277,1778
219295,922
219338,16
219347,2732
219356,13097
219374,761
219383,1643
219392,23
219408,285
219426,2926
219453,175
219471,9512
219480,1522
219505,135
219587,84
219596,735
219602,11013
219639,1293
219709,6804
219718,5595
219790,1543
219806,1830
219824,10770
219833,1970
219842,273
219851,32
219879,3883
219888,7703
219903,2461
219921,453
219949,2145
219976,3553
219994,1058
220002,433
220057,3493
220075,12575
220118,466
220127,776
220163,46
220181,673
220206,392
220215,1601
220251,400
220279,821
220312,315
220321,1491
220394,264
220400,6263
220464,193
220473,909
220491,298
220516,2494
220552,2387
220598,1604
220604,1008
220613,5409
220631,2083
220640,1158
220701,1070
220710,1240
220756,253
220765,444
220808,291
220853,1634
220862,19958
220978,22481
221050,1122
221096,8014
221102,973
221148,2395
221157,148
221184,11197
221236,539
221281,459
221333,1197
221351,2051
221388,340
221397,7014
221430,524
221485,12720
221494,802
221519,1799
221582,450
221591,675
221607,316
221616,1290
221625,2177
221634,372
221643,15428
221661,2797
221731,1027
221740,11057
221759,23921
221768,7255
221795,121
221829,380
221838,8998
221847,10103
221892,2568
221908,7407
221953,1741
221971,2554
221999,7004
222053,11419
222062,7471
222105,406
222178,3714
222567,8578
222576,13075
222628,386
222822,6831
222831,9427
222877,196
222886,336
222938,1559
222983,1221
222992,62493
223056,119
223083,1020
223117,83
223232,14890
223320,6228
223427,27647
223463,1420
223472,347
223506,6200
223524,25870
223773,15356
223816,29337
223852,64
223898,4630
223922,3144
224004,2017
224013,30
224110,14296
224147,11428
224156,466
224226,3613
224244,252
224271,238
224323,1576
224350,15882
224527,1477
224545,2030
224554,9527
224572,28043
224615,20107
224642,38006
224660,827
224679,1586
224758,59
224776,1042
224828,107
224891,1825
224961,3012
225070,5542
225201,1145
225247,1859
225308,9678
225371,6820
225399,2701
225414,7002
225423,82166
225432,15057
225502,3462
225511,41896
225520,5436
225548,1029
225575,1184
225627,7309
225779,40
225788,93
225876,1044
225885,1145
225991,157
226019,6680
226091,10816
226107,2957
226116,3147
226125,170
226134,13417
226152,7779
226204,10346
226231,3212
226277,1337
226383,1708
226408,5619
226471,3542
226578,13813
226587,1401
226675,422
226806,9442
226833,6157
226860,50
226879,231
226903,1120
226930,17981
227058,218
227146,12684
227155,48
227182,111037
227191,19158
227216,35073
227225,4506
227298,338
227304,8796
227313,413
227322,419
227331,1453
227368,28026
227377,8458
227386,3522
227401,6529
227429,714
227526,8533
227687,3076
227748,509
227757,4147
227766,34357
227836,655
227845,4120
227854,22253
227863,2013
227881,20209
227924,34603
227979,42312
228042,1500
228088,35
228149,2439
228158,12857
228185,61
228200,737
228219,728
228246,6907
228282,143
228316,8375
228325,2131
228343,1430
228431,12235
228459,37365
228468,959
228486,172
228501,2735
228529,12644
228547,77858
228608,6854
228644,1347
228653,1220
228699,5579
228705,7900
228723,56037
228769,42954
228778,43008
228787,19992
228796,24925
228802,8521
228875,9342
228884,1207
228981,1455
229018,7711
229027,29499
229036,704
229063,8961
229115,32641
229160,2089
229179,12131
229267,2487
229300,1034
229337,2529
229355,15992
229416,2005
229425,296
229504,7277
229522,177
229540,5100
229656,485
229780,5225
229799,8516
229814,8377
229832,5316
229841,9731
229887,1600
229957,16
230010,2536
230038,35933
230047,4065
230056,268
230065,242
230144,36
230162,5676
230171,12920
230199,54
230205,43
230214,410
230366,360
230418,2875
230490,3652
230597,6597
230603,13625
230621,307
230630,196
230676,2115
230728,28804
230737,48298
230746,42447
230764,29276
230782,34380
230807,2344
230816,816
230834,2152
230852,4965
230861,9871
230889,235
230898,495
230913,2938
230940,354
230959,3907
230977,196
230995,3751
231004,98
231059,2021
231077,264
231086,404
231095,234
231165,2094
231174,13294
231280,110
231411,747
231420,968
231536,5685
231554,1164
231581,1917
231624,6815
231651,5509
231688,38
231697,5652
231712,5024
231721,34
231785,759
231828,1098
231837,883
231873,1670
231882,4260
232016,290
232025,1029
232043,1307
232052,836
232089,1164
232186,33135
232195,9077
232256,1061
232265,3859
232308,673
232414,13875
232423,21798
232450,14329
232557,59188
232566,5152
232575,9112
232609,2162
232618,472
232672,1364
232681,4864
232706,2753
232724,33
232788,3560
232797,2146
232867,6385
232885,566
232919,972
232937,5152
232946,73657
232982,21924
233019,2958
233037,1898
233082,177
233116,7420
233277,8836
233286,125
233295,1500
233301,704
233310,4321
233329,405
233338,2882
233356,611
233374,3803
233408,375
233426,2113
233480,32
233541,2656
233611,1031
233639,4712
233648,3150
233666,39
233684,6791
233718,345
233754,12210
233772,32982
233897,3325
233903,3007
233921,28000
233949,10130
234030,25889
234076,18667
234085,1769
234119,37
234137,419
234155,4659
234164,1452
234173,1589
234207,1834
234359,225
234377,3483
234492,1123
234650,112
234669,20125
234696,3574
234711,3078
234827,16515
234845,5151
234915,1526
234924,315
234933,14127
234951,5806
234979,9334
235024,672
235088,460
235097,14390
235103,12904
235149,14451
235158,215
235167,4246
235237,10611
235307,187
235316,5411
235334,3021
235343,11638
235352,120
235422,920
235431,10199
235501,624
235547,207
235583,216
235671,6035
235699,5154
235750,4305
235954,28
236018,137
236072,9911
236133,1024
236188,9821
236212,1228
236230,2862
236258,3100
236328,2494
236382,6386
236452,1622
236504,10453
236513,11965
236577,3107
236595,5154
236610,9429
236638,7878
236656,6956
236692,16516
236708,7839
236744,105
236753,9907
236887,6847
236896,1821
236939,28198
236948,39015
236975,4646
237011,16553
237039,6089
237057,1591
237066,2300
237109,5844
237118,1027
237127,22
237136,292
237145,35
237172,66
237181,679
237215,1600
237242,114
237303,138
237312,2469
237321,105
237330,2175
237358,978
237367,4294
237385,2063
237437,670
237473,135
237491,48
237525,11106
237543,177
237552,131
237561,91
237570,125
237598,110
237640,563
237686,3021
237701,1652
237729,188
237783,1177
237792,3936
237817,1925
237844,184
237899,4437
237905,49
237932,2338
237950,1923
237969,1341
237987,198
237996,802
238005,75
238014,2676
238032,24660
238078,879
238096,53
238175,213
238193,1405
238263,22036
238324,545
238333,1501
238397,2582
238430,1829
238458,3009
238476,2885
238573,140
238616,3988
238661,1731
238722,17963
238759,14412
238810,67
238980,2900
239008,4650
239017,1487
239071,1172
239080,1869
239105,8599
239220,3517
239248,21715
239309,679
239318,2681
239372,7840
239390,778
239442,1848
239460,9119
239488,15369
239512,685
239628,774
239716,2120
239743,448
239877,67
239910,3743
239929,287
240055,15347
240107,1978
240116,10874
240125,10878
240170,5710
240189,12472
240198,4298
240240,167
240268,10902
240277,7973
240329,10427
240338,1157
240365,14184
240374,4730
240392,3419
240417,9080
240426,2869
240444,34253
240453,23451
240462,8287
240471,6248
240480,8629
240505,5035
240514,2543
240596,2138
240620,5997
240657,2166
240666,6001
240693,5418
240709,60
240718,570
240727,10954
240736,1370
240745,2732
240754,4061
240790,1439
240879,525
240985,312
241100,558
241128,797
241146,709
241182,599
241191,1328
241216,1752
241225,1628
241304,1503
241331,561
241377,1334
241386,397
241395,667
241410,5742
241517,802
241614,317
241720,1637
241739,11824
241766,438
241836,1548
241906,459
241951,513
242042,652
242112,1302
242121,676
242130,466
242149,579
242413,136
242422,12008
242556,662
242565,575
242583,670
242617,4368
242626,4326
242635,4249
242644,2006
242653,7051
242662,5175
242680,2180
242699,2047
242705,4804
242750,143
242820,1224
242945,348
242954,142
242972,15126
243072,1340
243081,12
243106,3740
243115,3923
243133,4909
243142,4027
243151,3578
243179,4118
243188,1225
243197,12907
243203,345
243212,3279
243221,12555
243346,11060
243443,4765
243568,156
243577,4004
243586,1485
243601,15681
243638,2683
243647,621
243665,2217
243744,8454
243780,33757
243799,59
243823,731
243832,2703
243841,576
244233,565
244279,374
244437,25873
244446,5922
244561,385
244613,226
245069,40
245281,79
245342,880
245421,75
245430,126
245625,3569
245652,365
245777,57
245838,371
245847,139
245883,129
245892,55
245953,2004
245962,588
245980,57
245999,3262
246017,637
246035,423
246071,100
246202,558
246266,641
246354,18034
246406,46
246415,96
246460,190
246813,6257
246895,809
246974,509
247010,46
247047,110
247065,1159
247153,684
247162,14
247409,231
247603,3711
247649,566
247700,132
247773,63
247825,27
247834,45468
247940,5286
248192,43
248305,136
248527,97
248606,2353
248624,122
248633,103
248660,244
248703,237
248846,78
248882,163
248925,1492
248934,17867
249140,414
249238,647
249566,469
249609,274
250027,394
250285,563
250601,496
250744,1090
250902,84
250993,540
251075,334
251260,7132
251312,1268
260336,43
260363,43
260372,315
260664,294
260691,1578
260789,1025
260813,321
260901,40336
260910,282
260929,359
260965,120
260992,1071
261436,1290
261676,113
261685,144
261719,401
261773,31
261861,153
262031,9349
262086,5280
262129,872
262341,836
262369,174
262402,247
262466,122
362700,584
362782,347
363013,109
363077,277
363147,273
363165,1365
363439,408
363633,1771
363679,274
363712,25
363882,99
363907,725
363916,283
363934,936
364016,12427
364025,19559
364168,198
364548,292
364575,38
364627,522
364636,117
364751,156
364760,124
364946,513
364955,673
364964,97
365091,379
365125,224
365198,718
365204,5798
365213,778
365240,44
365374,1811
365383,244
365480,946
365505,50
365693,201
365763,61
365824,281
365833,288
366003,410
366155,40
366191,1379
366252,5885
366261,341
366270,410
366289,329
366340,1088
366395,33424
366401,12994
366438,108
366465,2965
366535,486
366553,1620
366571,22
366623,125
366632,34
366711,15748
366748,539
366960,611
367024,991
367051,134
367088,111
367103,152
367112,1212
367158,126
367334,328
367361,47
367431,30
367459,11098
367875,865
367884,1623
367936,679
367972,147
367981,108
368036,35
368230,228
368364,431
368407,115
368443,1907
368452,328
368540,45
368629,996
368647,47
368771,220
368780,550
368832,58
368911,2391
369109,139
369400,3117
369419,3324
369446,83
369455,105
369516,448
369668,310
369686,243
369695,173
369783,686
369905,336
369950,267
371034,22
371052,598
371690,984
371830,104
371928,161
371964,726
372028,223
372073,326
372082,222
372240,39
372329,2211
372356,94
372462,218
372718,476
372921,948
372958,331
373085,132
373216,127
373456,19
373526,331
373678,272
373696,202
373711,92
373784,1066
374316,77
374343,61
374574,859
374592,87
374875,1149
374927,71
374972,831
374990,95
375106,157
375230,105
375373,316
375407,190
375416,1005
375540,95
375568,39
375656,177
375683,1053
375726,2879
375939,226
375966,197
375984,516
376224,590
376242,291
376288,115
376321,2891
376330,370
376385,655
376446,131
376631,70
376677,188
376695,1399
377111,803
377193,80
377218,233
377272,38
377281,88
377315,85
377342,853
377449,385
377458,483
377485,58
377546,104
377555,6439
377564,5218
377643,78
377652,217
377661,719
377670,142
377722,624
377759,64
378105,279
378576,204
378886,273
378956,1035
379621,85
379746,167
379782,344
380067,135
380359,620
380368,2389
380377,850
380438,590
380456,166
380465,139
380474,375
381255,179
381282,216
381325,225
381361,83
381370,419
381404,523
381486,17
381699,45
381732,162
381866,78
381945,463
382063,51
382258,214
382267,117
382416,82
382461,72
382504,400
382780,198
382896,579
382902,90
382911,112
382957,683
383020,22
383084,1731
383163,660
383190,3694
383279,227
383297,286
383312,102
383330,161
383367,290
383464,172
383525,156
383765,243
383792,193
383950,395
383996,888
384236,697
384245,1075
384254,371
384333,13715
384342,8954
384412,140
384421,94
385132,138
385503,399
385549,105
385619,2140
386153,406
386472,953
387819,54
387925,303
388043,429
388520,535
388663,206
389727,492
389860,225
390905,257
391005,371
391546,241
391759,38
392257,2347
392354,29
392415,487
392840,206
393524,199
393649,1325
393861,912
395362,2442
395690,1071
397942,1629
398130,255
399212,15808
399869,955
399911,417
400080,1371
400187,830
401223,174
401481,57
401764,348
402563,287
402776,79
402800,251
403469,7094
403478,1599
403487,15426
404037,47
404055,372
404338,99
404365,288
404374,223
404383,374
404426,5783
404684,577
404718,63
404806,411
404912,1287
404994,7632
405012,90
405021,65
405058,168
405076,775
405854,228
405872,4314
405997,231
406024,2028
406033,2262
406149,160
406325,282
406413,66
406422,156
406486,113
406547,398
407009,4061
407054,237
407090,599
407142,137
407151,120
407179,138
407355,308
407391,173
407407,210
407425,181
407434,83
407461,152
407470,297
407489,152
407513,588
407522,27
407568,172
407577,183
407595,138
407601,104
407610,84
407683,365
407708,288
407735,55
407832,425
408066,415
408163,84
408385,1107
408729,194
408844,6909
408862,402
409032,544
409120,128
409193,456
409315,42373
409537,78
409591,184
409698,7572
410496,414
410502,1315
410797,373
410964,27
411684,220
411754,54
412173,593
412535,42
412544,198
412599,957
413176,41
413413,17389
413617,426
413626,239
413680,698
413778,278
413802,457
413820,28
413893,1132
413945,135
413972,60
414063,180
414124,484
414461,3192
414489,146
414540,396
414595,174
414823,1617
414869,321
414878,517
414911,3581
414939,446
415039,102
415057,162
415987,593
416458,439
416801,458
417008,198
417062,89
417105,576
417123,244
417248,60
417275,37
417318,8
417327,296
417381,149
417406,44
417442,135
417503,306
417549,283
417600,36
417628,59
417637,122
417646,23
417655,25
417673,23
417682,33
417716,235
417725,104
417734,241
417752,56
417804,141
417831,96
417840,350
417868,72
417886,106
417910,229
417983,67
417992,88
418001,236
418010,68
418029,35
418038,176
418056,65
418065,369
418083,46
418126,561
418171,66
418199,81
418205,514
418223,165
418250,409
418269,194
418278,114
418296,1634
418302,520
418320,913
418339,1040
418348,621
418357,87
418409,838
418427,161
418445,38
418454,281
418481,70
418515,205
418524,63
418533,510
418542,226
418560,104
418588,64
418603,73
418612,19
418658,490
418755,48
418764,83
418773,517
418782,406
418870,322
418889,148
418913,30
418968,289
419031,27
419095,47
419183,384
419217,121
419226,762
419235,252
419244,277
419253,174
419280,33
419332,7
419341,89
419411,216
419420,73
419457,74
419484,28
419633,65
419660,740
419703,970
419712,350
419721,449
420024,413
420042,721
420103,234
420130,192
420255,108
420307,2686
420316,815
420325,130
420343,1215
420370,395
420398,27257
420431,2077
420440,2261
420459,903
420468,344
420538,1947
420556,1647
420574,4852
420608,109
420723,395
420866,54
420981,620
421513,134
421610,62
421665,34
421708,924
421717,44
421771,60
421832,383
421841,258
421878,286
421896,517
422190,65
422695,513
422835,364
423120,732
423397,224
423412,33
423652,716
425250,187
425986,502
426314,16188
427308,196
427335,54
427894,200
427973,379
427982,124
427991,835
428000,190
428019,339
428055,347
428125,134
428143,368
428170,1075
428259,280
428268,226
428286,487
428392,3370
428444,870
429012,673
429128,1441
430157,148
430166,132
430184,3788
430218,154
430227,193
430245,889
430254,100
430306,52
430342,147
430403,173
430485,52
430564,76
430582,473
430670,40
430704,6
430795,256
430810,324
430883,64
430908,107
430935,940
430971,146
431017,110
431071,102
431099,204
431105,178
431123,503
431141,1835
431169,159
431187,60
431196,112
431266,123
431275,97
431284,137
431558,441
431600,182
431628,21
431716,362
431770,22
431886,683
431929,230
431956,307
431965,96
431983,124
432074,415
432117,138
432223,150
432269,135
432302,593
432384,761
432524,147
433004,397
433013,515
433040,40
433068,515
433101,923
433138,278
433165,7
433174,629
433387,104871
433420,399
433536,716
433660,15411
433970,72
434016,216
434061,9161
434140,1413
434159,503
434274,141
434283,73
434292,3
434308,717
434344,341
434362,49
434432,49
434469,114
434496,102
434520,346
434539,293
434584,708
434672,27792
434690,198
434751,158
434821,1475
434830,340
434900,627
434937,25
434973,36
435000,48
436003,249
436030,353
436094,151
436100,21
436191,476
436270,214
436304,3059
436429,5118
436438,210
436483,26
436553,475
436599,123
436614,64
436632,309
436641,224
436650,323
436775,333
436818,1055
436827,801
436836,2164
437097,1786
437103,11091
437237,116
437316,457
437325,376
437556,604
437608,291
437635,640
437705,16
437723,94
437732,391
437750,152
437769,300
437778,389
437857,194
437936,1103
438151,665
438179,392
438221,549
438258,597
438285,649
438337,349
438498,3607
438504,1822
438586,3519
438674,83
438708,780
438735,263
438805,361
438869,45
438984,171
439020,30
439057,11
439118,663
439127,342
439145,7096
439190,4581
439288,1263
439367,990
439394,11
439446,53
439455,498
439473,337
439482,76
439491,458
439507,159
439570,974
439613,206
439622,559
439668,351
439686,324
439701,470
439738,476
439747,278
439774,77
439783,100
439792,617
439844,76
439862,58
439871,147
439899,60
439905,362
439932,24
439969,108
439996,164
440059,1371
440101,245
440174,101
440217,37
440226,110
440262,595
440271,83
440323,334
440332,362
440341,675
440396,151
440402,4794
440411,1
440420,29
440651,1275
440730,766
440749,374
440758,53
440767,25
440776,27
440794,613
440819,110
440828,1213
440855,139
440873,939
440882,145
440989,923
441025,1245
441052,1535
441070,219
441168,58
441210,312
441229,1375
441256,166
441362,345
441371,29501
441380,459
441414,374
441423,458
441487,84
441496,333
441502,540
441511,678
441548,80
441575,808
441593,54
441609,141
441618,46
441636,543
441645,229
441663,552
441672,68
441690,312
441706,72
441742,1275
441760,3646
441788,945
441830,146
441858,360
441876,325
441900,5775
441919,674
441928,707
441937,7819
441973,723
441982,411
442073,732
442134,919
442161,141
442213,83
442222,403
442240,494
442329,1509
442356,2052
442383,204
442426,723
442435,87
442523,99
442569,10751
442602,676
442611,1602
442639,60
442657,207
442718,202
442781,589
442815,406
442842,56
442879,1087
442888,175
442897,106
442930,1276
442949,59
442967,193
442976,234
442985,241
443021,224
443049,254
443058,43
443100,149
443137,428
443146,204
443173,24
443207,436
443216,326
443225,207
443234,205
443252,1448
443261,325
443289,308
443298,78
443322,433
443331,2414
443340,44
443377,130
443410,1037
443483,159
443492,2294
443562,777
443571,152
443599,820
443632,157
443641,299
443650,1140
443669,336
443678,85
443696,36
443748,547
443766,3551
443784,2893
443827,502
443836,719
443951,105
443979,215
444051,182
444088,328
444130,103
444194,172
444200,378
444219,12538
444228,31
444255,358
444264,189
444282,95
444291,145
444307,129
444316,156
444325,63
444334,88
444343,89
444361,110
444370,101
444398,201
444404,47
444413,127
444440,125
444468,27
444486,547
444510,189
444529,123
444547,10
444556,641
444565,496
444583,1256
444592,412
444635,90
444644,42
444662,176
444671,319
444680,80
444714,211
444732,162
444778,82
444787,626
444796,192
444811,370
444857,107
444866,321
444893,609
444936,377
444945,791
444954,2914
444972,361
444990,490
445027,17053
445090,1028
445133,530
445188,7783
445203,800
445212,405
445230,1336
445249,419
445258,381
445267,5530
445300,121
445328,416
445364,982
445391,17
445461,562
445498,46
445540,95
445559,262
445577,107
445638,88
445647,148
445656,202
445692,488
445708,2080
445726,202
445735,718
445744,544
445762,394
445780,52
445799,1608
445841,224
445850,179
445911,960
445948,1226
445957,409
446048,1128
446084,214
446093,229
446109,438
446118,756
446127,262
446136,521
446163,127
446206,49
446224,9
446233,279
446242,208
446251,114
446260,344
446288,121
446303,316
446349,28
446385,318
446394,42
446455,101
446516,39
446525,381
446534,39
446552,2128
446561,1639
446589,236
446598,74
446604,1865
446613,17
446640,870
446677,101
446774,6496
446996,108
447014,401
447023,1316
447050,118
447102,320
447120,343
447148,282
447166,112
447175,97
447263,1119
447272,301
447379,438
447403,713
447421,238
447430,181
447449,56
447458,961
447467,426
447519,128
447582,2003
447591,834
447607,941
447616,973
447634,459
447689,15116
447704,116
447713,95
447722,46
447731,399
447759,228
447768,2059
447777,862
447795,70
447810,476
447847,432
447865,49
447874,341
447883,403
447892,232
447908,59
447917,60
447935,316
447953,586
447962,364
447971,107
447980,114
447999,344
448017,166
448026,173
448044,3
448071,362
448123,284
448150,85
448196,267
448220,176
448239,176
448248,3685
448257,58
448275,31
448284,733
448309,106
448345,744
448354,249
448424,95
448433,1709
448567,45
448576,1137
448585,112
448594,6364
448600,672
448619,828
448646,367
448673,2988
448707,215
448716,173
448734,274
448752,282
448761,180
448770,439
448798,167
448840,5032
448859,203
448886,9837
448895,589
448974,215
448983,335
449010,520
449038,2541
449074,1211
449083,359
449092,280
449117,613
449135,277
449250,766
449311,339
449320,792
449339,71911
449348,151
449357,110
449366,739
449384,769
449393,95
449445,88
449454,74
449463,271
449472,84
449490,286
449506,473
449524,293
449533,143
449597,9
449603,203
449612,197
449658,167
449667,180
449676,344
449685,461
449700,453
449719,242
449728,125
449764,131
449773,361
449782,80
449807,126
449816,866
449834,1
449861,335
449870,197
449889,29
449898,966
449904,165
449931,493
449959,368
449968,398
449977,290
449986,441
449995,290
450021,432
450058,1137
450067,514
450076,117
450085,433
450094,572
450119,364
450128,780
450182,487
450191,551
450289,467
450298,434
450377,1184
450395,175
450401,566
450483,68
450526,384
450535,172
450544,188
450571,1190
450599,110
450605,125
450614,186
450632,198
450641,243
450650,385
450696,762
450702,601
450711,137
450720,659
450757,142
450933,26613
450951,157
450960,388
450979,7430
450988,300
451006,97
451033,12
451042,56
451051,157
451097,200
451103,1271
451121,204
451149,748
451158,855
451167,277
451194,53
451228,401
451237,246
451255,127
451264,185
451282,106
451291,31
451334,332
451343,121
451352,528
451370,72
451398,243
451404,410
451413,617
451459,142
451468,335
451477,1405
451495,64
451501,390
451529,99
451538,271
451547,40
451556,3168
451565,245
451574,193
451583,906
451626,164
451635,81
451662,4666
451671,2387
451714,388
451741,460
451750,1252
451796,730
451820,867
451857,526
451866,550
451875,236
451884,40
451909,907
451918,138
452009,83
452027,509
452072,148
452081,889
452090,71
452106,93
452115,721
452124,536
452373,536
452771,34
452780,24
452887,133
452948,832
453109,99
453163,6998
453215,1262
453297,33
453455,27
453464,49
453756,227
453792,114
454184,741
454227,24527
454236,781
454245,915
454306,189
454458,127
454537,103
454546,91
454555,256
454573,345
454582,328
454607,445
454616,308
454625,587
454652,179
454689,9
454698,748
454722,62
454759,47
454768,360
454777,325
454786,1580
454795,394
454801,144
454810,1972
454829,4854
454847,119
454856,1065
454865,700
454874,66
454908,147
454917,559
454926,337
454935,78
454944,236
454953,59
454962,58
454971,322
454980,128
454999,214
455008,313
455017,33
455026,151
455053,66
455062,82
455071,110
455080,227
455105,108
455114,20126
455141,376
455187,265
455196,4594
455202,658
455211,288
455220,84
455239,52
455257,525
455275,416
455284,346
455327,61
455336,299
455345,35
455354,424
455381,246
455460,344
455479,836
455488,543
455512,6614
455558,312
455567,389
455628,702
455664,278
455707,58
455716,1153
455725,727
455734,392
455752,394
455761,804
455770,178
455798,130
455831,294
455840,217
455859,351
455868,398
455877,204
455886,219
455895,383
455901,297
455910,64
455929,66
455947,160
455956,154
455965,198
455974,200
455983,528
456001,156
456029,265
456038,899
456056,636
456065,226
456074,254
456126,157
456135,163
456153,165
456180,163
456205,1062
456214,488
456287,82
456348,7622
456454,662
456481,79
456490,214
456506,229
456515,233
456551,128
456560,422
456579,1368
456588,55
456597,160
456621,260
456825,227
456861,776
456922,344
456931,622
456940,378
456959,479
456968,964
456977,191
457022,349
457031,71
457077,536
457086,234
457101,478
457110,602
457129,1325
457174,415
457192,143
457208,236
457226,47
457244,65
457253,100
457299,322
457314,102
457323,528
457332,29
457341,253
457350,54
457378,265
457387,467
457396,160
457402,84
457411,493
457420,235
457439,133
457448,238
457466,70
457475,135
457484,147
457493,48
457527,457
457536,734
457545,181
457554,46
457563,337
457572,163
457581,304
457606,103
457615,52
457624,36
457633,231
457642,96
457651,118
457679,24
457688,1294
457697,156
457703,53
457721,49
457749,145
457767,329
457776,263
457785,114
457794,177
457800,2392
457819,854
457837,233
457846,93
457855,128
457864,113
457873,408
457891,55
457916,98
457925,24
457943,92
457952,241
457989,44
457998,87
458007,109
458016,176
458034,94
458043,149
458052,63
458061,81
458070,537
458098,162
458104,152
458113,52
458122,52
458131,192
458140,69
458168,116
458186,463
458210,3072
458229,1924
458256,1250
458265,798
458274,294
458283,867
458380,331
458405,1504
458423,154
458441,1272
458478,376
458496,486
458502,1114
458575,52
458593,600
458681,493
458690,423
458706,630
458803,198
458812,144
458821,103
458830,219
458849,103
458858,373
458867,426
458885,371
458919,9250
458955,514
458964,3322
458973,2914
458982,1013
459000,130
459019,143
459037,141
459046,140
459055,139
459064,213
459073,96
459091,119
459107,464
459116,173
459125,18
459161,231
459170,401
459189,165
459198,403
459204,5007
459213,2250
459231,290
459259,734
459268,692
459277,586
459286,308
459295,139
459301,158
459310,134
459329,470
459347,82
459365,32
459374,167
459392,211
459408,61
459417,154
459426,166
459462,627
459499,48
459514,272
459523,103
459532,128
459541,33
459550,175
459578,136
459727,740
459824,69
459842,534
459851,463
459949,6362
459958,577
459967,889
459985,827
459994,10347
460011,256
460020,574
460075,13
460093,175
460109,277
460118,275
460127,200
460136,1709
460145,364
460172,903
460181,1228
460190,763
460206,1173
460215,428
460349,1169
460376,81
460385,62
460394,15462
460446,226
460455,128
460464,15149
460482,369
460516,162
460525,164
460534,415
460543,1613
460552,134
460570,229
460598,1066
460640,77
460677,610
460701,207
460738,1686
460747,407
460756,815
460765,70
460774,1001
460783,473
460808,38
460817,1046
460826,990
460835,3205
460844,496
460853,469
460862,356
460871,664
460899,394
460914,268
460923,776
460932,113
460969,376
460978,330
460987,180
460996,197
461005,576
461014,2211
461023,1073
461032,257
461111,65
461148,1896
461157,59
461175,353
461193,302
461218,384
461227,89
461245,252
461254,41
461263,112
461272,116
461281,497
461290,86
461306,266
461315,147
461324,915
461333,22
461342,140
461351,1404
461360,28
461379,62
461388,71
461412,264
461421,312
461430,811
461494,312
461500,34
461528,154
461537,25
461546,44
461555,157
461564,47
461573,132
461582,201
461591,191
461607,165
461625,63
461643,42
461652,83
461689,509
461704,203
461713,59
461722,78
461731,31
461740,38
461759,249
461768,265
461786,29
461795,424
461801,122
461810,34
461829,378
461838,217
461856,651
461865,295
461874,79
461883,119
461892,317
461908,150
461917,227
461926,185
461944,80
461953,149
461962,547
461999,102
462008,450
462017,149
462035,591
462053,195
462062,146
462071,248
462309,119
462318,102
462327,57
462336,155
462345,143
462354,307
463056,1542
464226,509
465812,15508
466152,33
466161,147
466170,1
466189,72
466523,18
466921,714
466930,1011
467094,434
467368,306
467863,314
467872,281
467906,220
468024,402
468246,346
468255,67
468705,50
468732,429
468769,189
468848,575
468893,264
468909,944
468963,670
469124,527
469133,430
469142,557
469151,203
469160,268
469416,627
469586,135
469610,172
469629,257
469638,485
469911,429
469920,396
469957,269
470038,1087
470047,62
470296,30
470393,154
474863,3073
474890,801
474906,147
474915,563
474924,266
474933,83
474942,119
474997,569
475015,214
475024,411
475033,192
475060,855
475097,215
475121,6489
475130,244
475200,360
475237,72
475273,1077
475282,171
475325,506
475352,858
475370,799
475398,137
475404,183
475413,79
475422,146
475431,194
475459,883
475468,185
475477,427
475486,447
475538,29
475547,194
475556,228
475565,1171
475574,110
475592,71
475608,220
475617,723
475635,26
475653,43
475662,191
475699,146
475705,20
475714,769
475723,458
475732,1343
475741,291
475750,153
475839,245
475866,867
476063,336
476179,243
476230,90
476294,232
476337,137
476346,430
476355,150
476470,117
476489,197
476498,278
476513,95
476540,191
476559,193
476568,28
476586,189
476595,122
476601,77
476610,109
476629,137
476674,64
476683,434
476692,27
476708,215
476717,631
476726,863
476735,79
476744,75
476753,235
476771,45
476780,336
476799,267
476805,62
476814,487
476823,117
476841,299
476850,101
476869,203
476878,131
476887,399
476896,145
476902,75
476911,225
476939,712
476948,970
476957,25
476966,431
476975,12923
476984,280
476993,297
477002,76
477039,1005
477950,152
477996,32
478005,2
478014,18
478582,164
478591,248
478616,144
478634,514
478661,239
478917,81
478953,267
479053,183
479062,28
479248,297
479424,537
479956,11643
479965,253
479974,128
479983,130
479992,79
480000,95
480019,844
480028,207
480037,2717
480064,629
480073,593
480082,451
480091,10634
480107,595
480125,463
480134,495
480161,20
480170,141
480189,848
480198,734
480204,739
480310,210
480347,116
480471,902
480499,22
480514,376
480523,154
480532,167
480550,188
480569,2942
480657,753
480693,196
480727,55
480736,123
480781,97
480815,778
480824,74
480833,818
480842,35
480851,180
480879,83
480888,675
480903,894
480912,19
480921,96
480930,210
480967,299
480976,77
480985,327
480994,91
481003,303
481021,51
481049,43
481058,120
481085,354
481100,128
481128,276
481137,65
481146,106
481155,439
481182,40
481191,338
481207,103
481225,22
481243,274
481252,122
481289,156
481298,86
481313,175
481322,97
481331,161
481340,85
481368,83
481386,305
481395,49
481401,228
481410,84
481429,267
481438,82
481447,77
481456,15
481465,109
481474,171
481483,330
481508,166
481517,137
481526,192
481544,60
481562,82
481571,5
481678,135
481720,434
481739,116
481748,224
481845,115
481863,176
481890,126
481906,232
481915,195
481942,412
481960,223
481988,345
482015,1033
482024,164
482060,460
482097,587
482103,118
482149,6043
482158,8984
482167,172
482176,314
482185,143
482194,102
482200,118
482228,240
482246,46
482255,552
482291,1419
482325,29
482343,16
482361,23
482370,2
482413,1502
482422,737
482431,3833
482440,328
482459,1084
482468,1480
482477,20927
482486,96
482538,217
482547,168
482556,711
482565,179
482574,1400
482608,466
482617,95
482635,898
482653,354
482680,21552
482699,3326
482705,4995
482936,1498
482963,559
482972,179
482981,281
482990,1098
483009,254
483018,147
483036,2493
483045,11959
483054,105
483106,217
483124,37822
483212,5292
483221,147
483230,292
483258,73
483276,81
483319,739
483328,215
483337,261
483346,56
483355,323
483364,225
483373,116
483382,320
483425,69
483443,824
483470,133
483504,888
483513,120
483559,105
483577,52
483610,102
483638,185
483647,79
483665,59
483708,596
483717,56
483726,57
483735,55
483744,90
483753,55
483780,148
483799,74
483814,458
483823,776
483841,256
483850,26
483869,141
483878,258
483887,68
483896,243
483911,30
483920,180
483939,34
483948,68
483957,66
484002,882
484011,225
484020,55
484039,162
484048,31
484057,469
484066,641
484075,58
484084,114
484093,120
484109,130
484118,80
484127,148
484136,53
484154,76
484163,261
484172,110
484190,36
484206,229
484233,385
484303,57
484321,110
484330,112
484349,194
484358,235
484367,313
484376,548
484385,375
484394,247
484473,3668
484604,673
484613,120549
484631,9643
484640,241
484668,638
484677,443
484686,61
484695,149
484701,73
484710,531
484729,139
484747,213
484756,1503
484765,208
484783,154
484826,126
484835,395
484844,619
484862,2
484871,116
484899,263
484905,3191
484923,164
484932,2362
484950,206
484978,428
484996,138
485014,127
485032,246
485111,16317
485120,102
485139,438
485166,204
485236,49
485263,1238
485272,1085
485306,32
485342,341
485351,206
485360,53
485379,340
485388,459
485397,189
485412,96
485458,4750
485476,104
485485,231
485494,90
485500,105
485519,715
485528,48
485546,249
485564,278
485573,146
485582,213
485591,33
485607,66
485704,34
485731,17
485768,211
485801,205
485810,41
485856,36
485874,201
485908,153
485926,174
485953,65
485962,33
485999,139
486017,43
486026,117
486053,139
486099,77
486105,10
486123,21
486141,21
486150,93
486169,127
486196,199
486202,43
486239,273
486248,155
486257,343
486284,331
486309,34
486327,27
486345,267
486354,85
486372,52
486381,101
486390,327
486406,30
486415,224
486424,48
486442,92
486488,65
486497,97
486503,87
486512,126
486521,8
486530,233
486558,401
486567,294
486576,477
486594,76
486619,95
486691,176
486707,305
486716,133
486734,219
486752,167
486770,375
486798,2000
486813,890
486822,1197
486840,37610
486859,79
486868,29
486877,13
486901,918
486938,404
486947,390
486956,701
486965,209
486983,96
487010,375
487047,348
487065,72
487083,58
487092,1002
487162,5221
487232,68
487296,502
487302,693
487311,628
487320,16847
487348,191
487375,575
487384,1141
487393,1185
487409,1068
487418,1334
487427,896
487436,811
487445,705
487454,833
487472,1584
487481,600
487490,854
487506,126
487524,3083
487533,185
487588,633
487597,1332
487603,1310
487621,22
487658,64
487676,270
487746,26
487773,109
487791,654
487807,27
487816,26
487843,79
487852,47
487861,180
487870,34
487889,219
487898,53
487904,42
487913,30
487922,80
487959,44
487968,64
487977,1582
487995,59
488004,58
488013,145
488022,75
488031,41
488040,94
488059,61
488068,211
488077,3315
488086,102
488101,100
488110,82
488129,22
488138,119
488147,73
488156,24
488165,36
488174,36
488183,40
488192,80
488217,159
488226,28
488235,22
488253,138
488262,46
488271,120
488280,118
488299,164
488305,133
488314,85
488332,137
488341,115
488350,100
488369,76
488378,54
488396,91
488411,99
488420,178
488439,95
488448,93
488590,7
488651,80
488679,10952
488730,6967
488749,145
488776,64
488785,159
488800,643
488828,47
488837,475
488846,13934
488891,496
488916,44
488925,147
488934,4374
488952,246
488961,246
488970,195
488989,229
488998,153
489122,46
489131,71
489140,46
489159,192
489201,10980
489238,170
489247,103
489256,227
489283,617
489344,193
489353,216
489371,195
489399,267
489414,154
489760,88
489779,995
489788,450
489812,62
489830,101
489900,12
489937,394
490018,73
490045,49
490054,959
490063,68
490072,168
490081,21
490090,58
490115,78
490124,18
490133,604
490142,32
490151,185
490160,94
490179,186
490188,22
490197,23
490203,207
490212,50
490221,15
490230,164
490249,58
490258,72
490267,30
490276,118
490285,1245
490294,172
490300,127
490319,49
490328,48
490337,42
490346,29
490364,22
490382,129
490391,92
490407,71
490416,59
490425,183
490434,39
490443,197
490452,25
490461,154
490470,42
490498,26
490504,50
490513,85
490522,8
490531,22
490540,40
490559,680
490568,239
490674,20
490692,86
490717,106
490735,135
490744,27
490771,421
490805,13185
490814,190
490832,264
490841,205
490850,11
490869,183
490878,421
490896,316
490948,8
490975,415
491057,131
491066,49
491075,43
491084,288
491093,24
491118,404
491136,117
491145,139
491163,35
491181,216
491224,55
491233,31
491242,92
491251,137
491260,33
491288,737
491297,11
491303,374
491394,24
491446,102
491455,311
491464,337
491473,191
491482,89
491491,27
491507,16
491525,91
491534,12
491543,111
491552,11
491570,3
491589,37
491598,12
491613,68
491622,83
491631,119
491640,163
491659,109
491668,200
491677,22
491686,54
491695,21
491701,62
491710,111
491729,49
491738,112
491747,80
491756,127
491765,75
491774,137
491783,50
491792,53
491817,124
491826,51
491835,52
491844,158
491853,32
491871,7
491880,60
491899,68
491905,63
491914,148
491923,110
491932,20
491941,70
491950,749
491969,18
491978,3
491996,50
492005,30
492069,57
492078,6
492087,15
492139,136
492227,3
492306,331
492315,189
492324,507
492360,28
492379,30
492397,57
492421,20
492449,238
492458,40
492476,117
492591,33
492643,128
492652,14
492661,144
492689,370
492722,76
492731,42
492759,21
492801,2857
492935,22
492953,12
492962,6739
493080,52
493150,27
493363,45
493372,23
493424,38
493451,69
